,similarity,SSE,silhouette,nm_info
0,86.66666666666667,47.992,0.442,
1,88.66666666666667,49.39,0.438,
2,88.0,51.878,0.426,
3,89.33333333333333,49.11,0.449,
4,88.0,50.528,0.444,
5,87.33333333333333,52.2,0.432,
6,86.66666666666667,52.949,0.427,
7,88.0,50.125,0.448,
8,89.33333333333333,47.905,0.459,
9,87.33333333333333,51.902,0.436,
