,similarity,SSE,silhouette,nm_info
0,96.93333333333334,845.999,0.543,0.584
1,95.8,802.975,0.508,0.574
2,95.39999999999999,767.031,0.498,0.558
3,95.73333333333333,741.244,0.491,0.546
4,96.73333333333333,721.729,0.487,0.526
