,similarity,SSE,silhouette,nm_info
0,65.60000000000001,262.144,0.22,0.356
1,68.60000000000001,231.708,0.232,0.347
2,64.60000000000001,260.85,0.215,0.354
3,61.4,256.641,0.226,0.367
4,64.8,255.593,0.222,0.326
5,64.2,218.863,0.244,0.362
6,60.199999999999996,272.568,0.196,0.337
7,64.60000000000001,248.357,0.235,0.346
8,61.8,245.429,0.225,0.341
9,64.8,236.634,0.249,0.357
