,similarity,SSE,silhouette,nm_info
0,81.2,134.315,0.372,0.509
1,80.0,137.39,0.358,0.507
2,80.4,135.632,0.37,0.514
3,79.2,138.836,0.37,0.499
4,80.2,135.323,0.364,0.507
5,79.60000000000001,137.073,0.354,0.505
6,82.19999999999999,131.49,0.383,0.499
7,80.60000000000001,133.686,0.373,0.53
8,82.0,130.343,0.393,0.513
9,78.2,139.649,0.34,0.493
