,similarity,SSE,silhouette,nm_info
0,88.26666666666667,2446.579,0.467,0.475
1,94.33333333333334,2018.23,0.511,0.545
2,96.6,1957.361,0.53,0.593
3,96.13333333333334,1938.811,0.528,0.614
4,96.26666666666667,1922.327,0.531,0.61
