,similarity,SSE,silhouette,nm_info
0,94.66666666666667,896.514,0.619,0.576
1,96.66666666666667,853.529,0.651,0.655
2,98.66666666666667,862.834,0.672,0.688
3,96.66666666666667,885.266,0.656,0.713
4,97.33333333333334,877.54,0.666,0.707
5,98.0,868.335,0.669,0.694
6,99.33333333333333,866.58,0.674,0.694
7,99.33333333333333,871.389,0.672,0.7
8,97.33333333333334,877.51,0.666,0.707
9,99.33333333333333,857.515,0.674,0.683
