,similarity,SSE,silhouette,nm_info
0,94.8,861.852,0.53,0.562
1,92.93333333333334,811.476,0.48,0.548
2,91.73333333333333,789.781,0.449,0.52
3,89.46666666666667,785.743,0.425,0.521
4,88.93333333333334,780.588,0.412,0.51
