,similarity,SSE,silhouette,nm_info
0,82.19999999999999,122.972,0.395,0.496
1,85.39999999999999,107.89,0.479,0.539
2,93.4,74.421,0.637,0.705
3,92.2,73.278,0.637,0.738
4,93.8,71.745,0.644,0.706
5,93.2,70.666,0.645,0.713
6,94.8,68.79,0.655,0.694
7,95.0,67.899,0.658,0.693
8,92.0,72.193,0.642,0.73
9,93.4,70.363,0.646,0.711
