,similarity,SSE,silhouette,nm_info
0,94.53333333333333,862.363,0.531,0.574
1,94.19999999999999,814.677,0.49,0.579
2,93.93333333333334,781.925,0.46,0.538
3,91.4,769.059,0.438,0.508
4,91.26666666666667,754.432,0.433,0.511
