,similarity,SSE,silhouette,nm_info
0,93.8,2387.902,0.679,0.719
1,94.19999999999999,2392.65,0.673,0.735
2,93.93333333333334,2411.567,0.668,0.73
3,93.86666666666666,2443.125,0.662,0.728
4,93.26666666666667,2480.328,0.656,0.722
