,similarity,SSE,silhouette,nm_info
0,96.73333333333333,847.021,0.542,0.58
1,95.73333333333333,803.907,0.508,0.575
2,95.46666666666667,769.57,0.498,0.555
3,95.6,743.884,0.491,0.543
4,96.53333333333333,725.01,0.487,0.533
