,similarity,SSE,silhouette,nm_info
0,92.66666666666666,934.441,0.572,0.523
1,96.0,854.279,0.652,0.652
2,96.66666666666667,847.844,0.664,0.663
3,98.0,868.033,0.669,0.694
4,98.66666666666667,876.606,0.669,0.707
5,98.0,869.177,0.666,0.694
6,99.33333333333333,871.344,0.673,0.7
7,96.66666666666667,869.85,0.661,0.665
8,98.66666666666667,852.879,0.675,0.677
9,98.66666666666667,876.812,0.669,0.707
