,similarity,SSE,silhouette,nm_info
0,80.60000000000001,142.879,0.345,0.493
1,74.8,147.934,0.321,0.483
2,77.4,155.344,0.326,0.499
3,74.4,154.698,0.296,0.45
4,72.2,154.606,0.298,0.454
5,73.2,160.335,0.299,0.437
6,75.8,154.877,0.323,0.473
7,75.4,148.862,0.31,0.469
8,73.2,153.642,0.301,0.465
9,72.39999999999999,163.414,0.29,0.454
