,similarity,SSE,silhouette,nm_info
0,96.06666666666666,849.556,0.539,0.581
1,95.39999999999999,807.19,0.502,0.569
2,95.33333333333334,770.326,0.489,0.547
3,96.2,745.667,0.48,0.533
4,96.26666666666667,725.55,0.472,0.521
