,similarity,SSE,silhouette,nm_info
0,95.8,846.492,0.533,0.566
1,94.86666666666666,805.997,0.494,0.558
2,94.8,772.016,0.477,0.542
3,94.13333333333334,755.407,0.463,0.525
4,92.2,744.628,0.451,0.518
