,similarity,SSE,silhouette,nm_info
0,95.39999999999999,859.196,0.536,0.58
1,94.8,812.083,0.5,0.573
2,95.26666666666667,773.806,0.475,0.552
3,93.33333333333333,760.492,0.458,0.532
4,91.33333333333333,754.605,0.437,0.523
