,similarity,SSE,silhouette,nm_info
0,90.0,48.445,0.447,
1,88.0,51.501,0.428,
2,88.66666666666667,50.084,0.438,
3,89.33333333333333,46.633,0.46,
4,88.0,52.321,0.423,
5,84.66666666666667,59.555,0.367,
6,86.66666666666667,55.392,0.4,
7,85.33333333333334,58.593,0.374,
8,84.66666666666667,59.491,0.368,
9,84.66666666666667,59.2,0.378,
