,similarity,SSE,silhouette,nm_info
0,90.0,47.957,0.454,
1,89.33333333333333,46.97,0.453,
2,89.33333333333333,48.299,0.451,
3,87.33333333333333,53.511,0.418,
4,85.33333333333334,56.206,0.402,
5,88.0,50.408,0.445,
6,88.66666666666667,49.859,0.443,
7,87.33333333333333,53.066,0.424,
8,89.33333333333333,49.27,0.451,
9,86.0,56.806,0.39,
