,similarity,SSE,silhouette,nm_info
0,96.39999999999999,846.392,0.539,0.569
1,95.66666666666667,803.483,0.506,0.573
2,95.39999999999999,767.459,0.493,0.55
3,96.13333333333334,740.414,0.487,0.543
4,96.53333333333333,727.328,0.481,0.528
