,similarity,SSE,silhouette,nm_info
0,95.86666666666666,844.188,0.535,0.596
1,95.39999999999999,800.334,0.496,0.563
2,95.33333333333334,766.857,0.482,0.547
3,94.8,750.15,0.472,0.524
4,94.53333333333333,733.38,0.464,0.521
