,similarity,SSE,silhouette,nm_info
0,91.33333333333333,45.966,0.457,
1,88.66666666666667,49.396,0.438,
2,87.33333333333333,56.899,0.384,
3,86.66666666666667,56.59,0.398,
4,84.66666666666667,59.712,0.362,
5,88.0,52.96,0.413,
6,86.66666666666667,54.187,0.407,
7,90.0,46.12,0.472,
8,89.33333333333333,49.428,0.449,
9,88.0,51.207,0.428,
