,similarity,SSE,silhouette,nm_info
0,91.33333333333333,41.076,0.492,
1,89.33333333333333,49.054,0.446,
2,85.33333333333334,56.154,0.398,
3,88.0,51.232,0.442,
4,86.0,54.851,0.42,
5,87.33333333333333,52.655,0.422,
6,84.66666666666667,57.645,0.388,
7,86.0,56.557,0.391,
8,85.33333333333334,59.282,0.373,
9,84.0,59.206,0.378,
