,similarity,SSE,silhouette,nm_info
0,94.66666666666667,35.272,0.509,
1,94.66666666666667,34.204,0.52,
2,92.66666666666666,35.383,0.513,
3,93.33333333333333,34.639,0.517,
4,94.0,34.346,0.524,
5,97.33333333333334,32.455,0.544,
6,93.33333333333333,33.962,0.534,
7,96.0,32.716,0.548,
8,94.66666666666667,33.594,0.534,
9,96.0,32.757,0.547,
