,similarity,SSE,silhouette,nm_info
0,88.66666666666667,47.014,0.451,
1,92.0,45.179,0.466,
2,90.0,49.072,0.441,
3,87.33333333333333,52.7,0.427,
4,87.33333333333333,52.708,0.42,
5,86.66666666666667,54.322,0.422,
6,87.33333333333333,55.087,0.423,
7,86.66666666666667,53.219,0.428,
8,86.66666666666667,53.043,0.429,
9,88.66666666666667,50.01,0.444,
