,similarity,SSE,silhouette,nm_info
0,90.66666666666666,49.112,0.447,
1,86.0,58.605,0.371,
2,87.33333333333333,54.162,0.41,
3,85.33333333333334,57.468,0.387,
4,88.0,52.664,0.417,
5,86.66666666666667,55.096,0.396,
6,86.66666666666667,55.721,0.397,
7,87.33333333333333,52.569,0.42,
8,86.66666666666667,56.044,0.397,
9,84.66666666666667,59.705,0.366,
