,similarity,SSE,silhouette,nm_info
0,88.26666666666667,2476.039,0.465,0.467
1,94.93333333333334,2050.035,0.518,0.54
2,98.53333333333333,1912.55,0.538,0.603
3,98.46666666666667,1913.106,0.542,0.617
4,98.8,1908.978,0.542,0.623
