,similarity,SSE,silhouette,nm_info
0,85.26666666666667,3208.684,0.573,0.581
1,86.53333333333333,2959.254,0.599,0.611
2,88.66666666666667,2824.044,0.617,0.652
3,89.8,2766.802,0.627,0.677
4,90.2,2753.458,0.629,0.686
