,similarity,SSE,silhouette,nm_info
0,90.0,45.031,0.464,
1,89.33333333333333,48.845,0.443,
2,89.33333333333333,47.616,0.462,
3,86.0,54.934,0.409,
4,86.66666666666667,53.289,0.419,
5,86.0,54.871,0.405,
6,87.33333333333333,51.369,0.44,
7,88.66666666666667,49.873,0.45,
8,86.66666666666667,52.486,0.436,
9,87.33333333333333,51.617,0.434,
