,similarity,SSE,silhouette,nm_info
0,90.4,99.116,0.532,0.606
1,89.60000000000001,100.213,0.533,0.675
2,89.2,104.68,0.506,0.631
3,91.0,97.09,0.541,0.662
4,88.8,100.181,0.534,0.674
5,89.60000000000001,101.094,0.532,0.677
6,90.2,102.577,0.518,0.657
7,90.2,102.453,0.524,0.67
8,91.0,93.305,0.562,0.687
9,90.0,98.139,0.535,0.663
