,similarity,SSE,silhouette,nm_info
0,94.66666666666667,915.385,0.594,0.55
1,96.0,854.033,0.653,0.652
2,99.33333333333333,857.515,0.674,0.683
3,98.0,869.177,0.666,0.694
4,96.66666666666667,873.363,0.666,0.7
5,100.0,861.388,0.676,0.688
6,98.0,868.883,0.664,0.665
7,99.33333333333333,871.37,0.673,0.7
8,98.0,867.5,0.669,0.665
9,99.33333333333333,857.196,0.675,0.683
