,similarity,SSE,silhouette,nm_info
0,85.26666666666667,3212.366,0.573,0.581
1,86.53333333333333,2968.356,0.598,0.613
2,88.53333333333333,2855.115,0.614,0.652
3,89.86666666666666,2761.708,0.627,0.678
4,90.46666666666667,2717.939,0.631,0.7
