,similarity,SSE,silhouette,nm_info
0,94.46666666666667,867.021,0.523,0.568
1,92.66666666666666,824.691,0.468,0.552
2,92.0,795.059,0.435,0.528
3,88.33333333333333,793.288,0.409,0.515
4,87.86666666666667,782.908,0.401,0.501
