,similarity,SSE,silhouette,nm_info
0,94.53333333333333,494.151,0.599,0.661
1,97.2,456.656,0.614,0.733
2,97.06666666666666,447.199,0.619,0.77
3,97.2,444.287,0.62,0.785
4,97.53333333333333,443.085,0.621,0.789
