,similarity,SSE,silhouette,nm_info
0,84.0,193.39,0.543,0.744
1,88.66666666666667,153.904,0.631,0.784
2,88.66666666666667,151.711,0.635,0.784
3,86.66666666666667,169.56,0.596,0.765
4,91.33333333333333,131.578,0.68,0.814
