,similarity,SSE,silhouette,nm_info
0,95.0,486.581,0.599,0.673
1,95.19999999999999,468.772,0.605,0.732
2,95.39999999999999,460.529,0.611,0.764
3,95.33333333333334,457.712,0.612,0.771
4,95.73333333333333,456.243,0.611,0.774
