,similarity,SSE,silhouette,nm_info
0,73.0,199.129,0.315,0.411
1,75.8,159.928,0.335,0.418
2,73.4,152.31,0.321,0.43
3,72.0,158.026,0.313,0.437
4,72.0,155.455,0.318,0.434
5,68.4,159.113,0.311,0.443
6,67.80000000000001,176.605,0.292,0.42
7,70.0,167.096,0.305,0.417
8,70.19999999999999,154.443,0.321,0.44
9,68.4,161.944,0.306,0.424
