,similarity,SSE,silhouette,nm_info
0,97.53333333333333,7886.244,0.616,0.682
1,98.73333333333333,7407.733,0.618,0.697
2,98.73333333333333,7372.678,0.617,0.695
3,98.46666666666667,6985.65,0.619,0.705
4,99.06666666666666,6914.671,0.619,0.704
