,similarity,SSE,silhouette,nm_info
0,88.66666666666667,11.241,0.606,0.765
1,84.0,22.577,0.464,0.723
2,80.0,19.56,0.445,0.704
3,81.33333333333333,20.19,0.461,0.707
4,80.0,19.611,0.41,0.703
5,79.33333333333333,20.795,0.387,0.706
6,75.33333333333333,22.684,0.282,0.713
7,79.33333333333333,19.452,0.421,0.703
8,83.33333333333334,20.822,0.45,0.71
9,79.33333333333333,20.531,0.411,0.706
