,similarity,SSE,silhouette,nm_info
0,79.60000000000001,300.268,0.42,0.634
1,66.93333333333334,367.753,0.303,0.58
2,67.46666666666667,367.975,0.303,0.58
3,67.53333333333333,367.875,0.304,0.58
4,67.26666666666667,368.062,0.303,0.579
