,similarity,SSE,silhouette,nm_info
0,94.53333333333333,493.24,0.599,0.659
1,97.53333333333333,454.134,0.615,0.726
2,97.86666666666667,443.017,0.622,0.772
3,97.93333333333332,440.243,0.624,0.789
4,98.6,438.077,0.625,0.795
