,similarity,SSE,silhouette,nm_info
0,90.60000000000001,39.311,0.641,0.765
1,86.8,48.041,0.565,0.742
2,87.0,50.894,0.554,0.733
3,87.0,48.442,0.567,0.722
4,88.4,45.569,0.587,0.761
5,86.4,51.299,0.552,0.712
6,87.4,51.872,0.561,0.731
7,87.6,47.13,0.579,0.724
8,87.2,47.165,0.569,0.734
9,85.39999999999999,53.216,0.533,0.699
