,similarity,SSE,silhouette,nm_info
0,72.2,152.165,0.274,0.485
1,72.0,85.505,0.332,0.58
2,71.6,81.795,0.332,0.593
3,68.60000000000001,92.417,0.31,0.549
4,66.4,107.034,0.298,0.524
5,67.2,87.947,0.317,0.57
6,66.60000000000001,95.762,0.308,0.556
7,67.60000000000001,110.849,0.294,0.522
8,65.8,104.166,0.307,0.524
9,66.8,95.866,0.303,0.548
