,similarity,SSE,silhouette,nm_info
0,94.6,1058.169,0.749,0.852
1,92.73333333333333,1193.324,0.716,0.834
2,88.8,1602.143,0.63,0.786
3,79.26666666666667,2433.038,0.44,0.717
4,71.0,3287.268,0.27,0.725
