,similarity,SSE,silhouette,nm_info
0,88.66666666666667,850.587,0.614,0.777
1,87.33333333333333,841.933,0.515,0.74
2,86.66666666666667,829.675,0.449,0.718
3,82.0,864.466,0.308,0.704
4,85.33333333333334,848.61,0.361,0.704
5,83.33333333333334,844.141,0.37,0.707
6,83.33333333333334,850.684,0.349,0.704
7,82.66666666666667,854.724,0.336,0.703
8,84.0,849.777,0.351,0.705
9,82.66666666666667,852.731,0.342,0.705
