,similarity,SSE,silhouette,nm_info
0,98.0,17.64,0.716,0.651
1,96.0,18.942,0.7,0.642
2,97.33333333333334,17.721,0.712,0.633
3,97.33333333333334,17.014,0.725,0.642
4,95.33333333333334,18.978,0.698,0.618
5,94.0,20.919,0.677,0.611
6,95.33333333333334,19.733,0.696,0.627
7,94.66666666666667,19.729,0.698,0.611
8,93.33333333333333,21.054,0.676,0.596
9,94.66666666666667,19.8,0.697,0.637
