,similarity,SSE,silhouette,nm_info
0,88.66666666666667,838.451,0.517,0.735
1,84.0,856.281,0.328,0.703
2,80.66666666666666,869.667,0.272,0.704
3,82.0,846.674,0.363,0.707
4,81.33333333333333,867.809,0.287,0.704
5,83.33333333333334,857.568,0.354,0.68
6,80.66666666666666,868.84,0.278,0.704
7,83.33333333333334,848.39,0.356,0.706
8,83.33333333333334,864.369,0.306,0.704
9,84.66666666666667,866.898,0.303,0.706
