,similarity,SSE,silhouette,nm_info
0,97.66666666666667,2352.535,0.717,0.675
1,96.06666666666666,2432.143,0.704,0.652
2,96.0,2445.969,0.703,0.651
3,95.8,2457.273,0.7,0.649
4,95.66666666666667,2473.658,0.699,0.648
