,similarity,SSE,silhouette,nm_info
0,90.0,908.554,0.548,0.538
1,84.0,980.051,0.455,0.46
2,89.33333333333333,920.982,0.543,0.522
3,84.0,927.073,0.48,0.477
4,87.33333333333333,904.708,0.495,0.528
