,similarity,SSE,silhouette,nm_info
0,88.0,12.628,0.584,0.735
1,79.33333333333333,22.235,0.4,0.717
2,80.66666666666666,19.434,0.434,0.704
3,78.66666666666666,20.829,0.41,0.707
4,80.66666666666666,19.214,0.45,0.704
5,77.33333333333333,21.955,0.372,0.713
6,78.0,21.622,0.373,0.71
7,78.0,20.706,0.371,0.703
8,79.33333333333333,20.318,0.421,0.706
9,80.0,21.03,0.429,0.71
