,similarity,SSE,silhouette,nm_info
0,93.93333333333334,505.64,0.591,0.659
1,92.80000000000001,490.769,0.59,0.708
2,93.53333333333333,481.585,0.595,0.736
3,94.19999999999999,478.159,0.598,0.754
4,95.39999999999999,464.266,0.606,0.765
