,similarity,SSE,silhouette,nm_info
0,89.33333333333333,11.117,0.615,0.759
1,76.66666666666667,22.467,0.354,0.717
2,79.33333333333333,19.638,0.412,0.703
3,80.0,20.665,0.422,0.707
4,78.0,20.706,0.383,0.704
5,78.66666666666666,20.865,0.413,0.707
6,76.0,22.017,0.339,0.71
7,78.0,21.667,0.372,0.71
8,80.0,21.602,0.419,0.713
9,82.0,19.26,0.463,0.704
