,similarity,SSE,silhouette,nm_info
0,94.66666666666667,15.365,0.705,0.822
1,98.0,13.005,0.733,0.823
2,98.0,12.469,0.745,0.831
3,99.33333333333333,12.001,0.752,0.864
4,99.33333333333333,12.093,0.751,0.864
5,97.33333333333334,12.678,0.739,0.836
6,97.33333333333334,12.682,0.739,0.849
7,96.0,13.738,0.724,0.818
8,98.0,12.234,0.751,0.862
9,98.66666666666667,12.315,0.748,0.88
