,similarity,SSE,silhouette,nm_info
0,94.66666666666667,869.954,0.589,0.547
1,93.33333333333333,844.961,0.612,0.601
2,96.66666666666667,856.38,0.69,0.686
3,97.33333333333334,856.042,0.713,0.699
4,98.66666666666667,854.722,0.721,0.703
