,similarity,SSE,silhouette,nm_info
0,97.6,2419.833,0.707,0.685
1,97.26666666666667,2402.882,0.704,0.673
2,97.33333333333334,2409.563,0.704,0.673
3,97.53333333333333,2410.235,0.703,0.675
4,97.13333333333334,2422.897,0.701,0.672
