,similarity,SSE,silhouette,nm_info
0,94.6,500.547,0.593,0.672
1,92.46666666666667,499.531,0.586,0.708
2,93.13333333333334,493.449,0.587,0.721
3,93.60000000000001,482.704,0.595,0.732
4,93.33333333333333,487.26,0.592,0.751
