,similarity,SSE,silhouette,nm_info
0,82.66666666666667,382.997,0.474,0.648
1,74.0,405.873,0.332,0.573
2,67.33333333333333,399.509,0.311,0.582
3,69.33333333333334,399.084,0.309,0.581
4,72.66666666666667,394.891,0.347,0.59
5,76.66666666666667,392.937,0.376,0.608
6,73.33333333333333,397.044,0.337,0.59
7,70.0,398.68,0.315,0.585
8,68.0,399.557,0.306,0.581
9,68.0,399.539,0.311,0.58
