,similarity,SSE,silhouette,nm_info
0,92.80000000000001,75.718,0.648,0.611
1,90.8,87.522,0.587,0.574
2,90.8,87.629,0.59,0.587
3,92.4,82.023,0.615,0.604
4,91.4,87.739,0.59,0.601
5,90.4,89.952,0.577,0.579
6,89.0,93.851,0.555,0.565
7,92.80000000000001,81.372,0.619,0.61
8,90.0,89.293,0.578,0.581
9,91.0,86.322,0.592,0.605
