,similarity,SSE,silhouette,nm_info
0,95.33333333333334,862.636,0.646,0.65
1,97.33333333333334,862.222,0.697,0.706
2,97.33333333333334,852.056,0.707,0.679
3,97.33333333333334,851.845,0.707,0.679
4,97.33333333333334,847.569,0.703,0.661
5,98.66666666666667,845.374,0.713,0.664
6,99.33333333333333,844.672,0.729,0.68
7,98.66666666666667,845.374,0.713,0.664
8,97.33333333333334,851.495,0.714,0.687
9,98.0,849.221,0.71,0.675
