,similarity,SSE,silhouette,nm_info
0,89.33333333333333,11.344,0.61,0.754
1,82.66666666666667,21.991,0.447,0.717
2,77.33333333333333,21.098,0.401,0.707
3,79.33333333333333,19.775,0.419,0.704
4,80.0,20.253,0.407,0.704
5,80.0,21.115,0.426,0.71
6,80.0,19.843,0.414,0.704
7,79.33333333333333,20.8,0.388,0.706
8,80.0,18.635,0.435,0.705
9,80.66666666666666,20.075,0.436,0.706
