,similarity,SSE,silhouette,nm_info
0,98.0,18.135,0.716,0.632
1,97.33333333333334,16.706,0.73,0.676
2,97.33333333333334,17.059,0.728,0.653
3,94.66666666666667,19.506,0.698,0.611
4,93.33333333333333,20.105,0.688,0.611
5,94.66666666666667,18.851,0.705,0.611
6,96.0,18.316,0.71,0.626
7,94.0,20.087,0.687,0.603
8,95.33333333333334,18.654,0.702,0.618
9,95.33333333333334,18.72,0.708,0.619
