,similarity,SSE,silhouette,nm_info
0,75.93333333333334,334.049,0.365,0.607
1,67.93333333333334,367.42,0.304,0.58
2,68.13333333333334,367.276,0.304,0.58
3,67.80000000000001,367.852,0.304,0.58
4,67.73333333333333,367.624,0.304,0.58
