,similarity,SSE,silhouette,nm_info
0,98.0,18.198,0.717,0.64
1,98.66666666666667,16.239,0.733,0.658
2,98.0,16.577,0.732,0.651
3,96.0,18.316,0.71,0.626
4,97.33333333333334,17.923,0.722,0.637
5,95.33333333333334,18.057,0.71,0.618
6,97.33333333333334,16.635,0.734,0.644
7,94.0,20.364,0.684,0.603
8,96.0,18.566,0.712,0.637
9,94.66666666666667,19.142,0.697,0.626
