,similarity,SSE,silhouette,nm_info
0,97.2,2371.598,0.715,0.667
1,96.0,2449.988,0.702,0.65
2,95.93333333333334,2449.804,0.702,0.649
3,95.86666666666666,2466.851,0.699,0.649
4,96.39999999999999,2422.787,0.705,0.657
