,similarity,SSE,silhouette,nm_info
0,95.33333333333334,868.285,0.625,0.642
1,96.66666666666667,852.096,0.681,0.658
2,97.33333333333334,854.826,0.705,0.688
3,94.66666666666667,853.91,0.661,0.641
4,95.33333333333334,847.972,0.67,0.633
5,98.66666666666667,845.374,0.713,0.664
6,98.0,848.628,0.712,0.675
7,98.66666666666667,843.972,0.72,0.668
8,97.33333333333334,844.891,0.693,0.644
9,96.0,855.051,0.693,0.677
