,similarity,SSE,silhouette,nm_info
0,99.33333333333333,70.036,0.799,0.97
1,99.93333333333332,63.797,0.81,0.996
2,100.0,63.477,0.81,1.0
3,100.0,63.477,0.81,1.0
