,similarity,SSE,silhouette,nm_info
0,97.33333333333334,17.493,0.718,0.659
1,98.66666666666667,16.27,0.734,0.667
2,98.0,16.466,0.74,0.664
3,96.0,18.328,0.716,0.637
4,94.66666666666667,19.884,0.693,0.611
5,94.66666666666667,18.944,0.704,0.611
6,96.0,17.85,0.715,0.626
7,95.33333333333334,18.012,0.711,0.618
8,97.33333333333334,16.635,0.734,0.644
9,95.33333333333334,18.575,0.71,0.619
