,similarity,SSE,silhouette,nm_info
0,89.13333333333333,191.484,0.594,0.764
1,96.26666666666667,106.628,0.736,0.889
2,99.2,70.438,0.797,0.961
3,99.73333333333333,65.461,0.806,0.984
4,99.6,66.26,0.805,0.978
