,similarity,SSE,silhouette,nm_info
0,94.93333333333334,486.284,0.603,0.668
1,98.0,446.372,0.621,0.734
2,98.93333333333332,437.844,0.625,0.765
3,99.66666666666667,435.884,0.626,0.783
4,99.8,435.558,0.626,0.787
