,similarity,SSE,silhouette,nm_info
0,99.8,3462.13,0.857,0.989
1,99.8,3461.054,0.86,0.989
2,99.8,3462.123,0.858,0.989
3,99.66666666666667,3462.112,0.859,0.983
4,99.66666666666667,3462.873,0.858,0.98
