,similarity,SSE,silhouette,nm_info
0,93.33333333333333,1219.02,0.72,0.827
1,91.60000000000001,1318.41,0.691,0.819
2,86.06666666666666,1856.654,0.574,0.76
3,73.8,2925.917,0.321,0.703
4,70.6,3286.437,0.25,0.724
