,similarity,SSE,silhouette,nm_info
0,98.0,16.933,0.726,0.659
1,98.66666666666667,16.476,0.73,0.658
2,95.33333333333334,18.266,0.714,0.619
3,95.33333333333334,18.012,0.711,0.618
4,94.66666666666667,18.81,0.701,0.626
5,94.66666666666667,19.074,0.698,0.626
6,95.33333333333334,18.558,0.704,0.618
7,95.33333333333334,19.115,0.696,0.618
8,94.66666666666667,19.273,0.7,0.611
9,95.33333333333334,19.187,0.696,0.618
