,similarity,SSE,silhouette,nm_info
0,93.60000000000001,70.067,0.675,0.628
1,92.60000000000001,80.915,0.623,0.596
2,88.6,98.196,0.535,0.571
3,92.60000000000001,83.467,0.612,0.589
4,87.8,98.16,0.527,0.571
5,90.2,90.432,0.577,0.583
6,91.0,88.363,0.587,0.588
7,89.2,96.041,0.547,0.559
8,90.2,93.62,0.561,0.577
9,89.0,95.967,0.546,0.555
