,similarity,SSE,silhouette,nm_info
0,96.0,13.928,0.719,0.791
1,97.33333333333334,13.518,0.731,0.805
2,97.33333333333334,13.671,0.726,0.805
3,96.66666666666667,13.596,0.725,0.794
4,96.66666666666667,14.196,0.718,0.794
5,97.33333333333334,13.041,0.734,0.805
6,96.0,14.639,0.714,0.778
7,94.66666666666667,15.144,0.706,0.757
8,96.66666666666667,13.675,0.724,0.794
9,97.33333333333334,13.422,0.733,0.818
