,similarity,SSE,silhouette,nm_info
0,88.0,12.15,0.594,0.759
1,79.33333333333333,22.204,0.406,0.717
2,79.33333333333333,19.465,0.421,0.703
3,80.66666666666666,18.491,0.442,0.682
4,76.0,22.063,0.327,0.71
5,79.33333333333333,20.152,0.394,0.681
6,79.33333333333333,20.675,0.396,0.706
7,80.0,20.009,0.391,0.703
8,74.0,21.49,0.352,0.68
9,78.66666666666666,20.333,0.379,0.704
