,similarity,SSE,silhouette,nm_info
0,94.06666666666666,499.812,0.594,0.662
1,94.26666666666667,483.878,0.595,0.709
2,94.39999999999999,470.113,0.604,0.758
3,95.19999999999999,464.282,0.607,0.763
4,95.53333333333333,460.016,0.61,0.765
