,similarity,SSE,silhouette,nm_info
0,95.33333333333334,872.924,0.638,0.649
1,96.66666666666667,854.212,0.691,0.676
2,96.66666666666667,851.733,0.692,0.667
3,97.33333333333334,847.878,0.702,0.661
4,96.66666666666667,853.399,0.692,0.669
5,96.66666666666667,849.019,0.687,0.651
6,95.33333333333334,850.354,0.69,0.659
7,96.66666666666667,850.234,0.701,0.669
8,96.66666666666667,851.247,0.698,0.669
9,98.66666666666667,846.703,0.709,0.664
