,similarity,SSE,silhouette,nm_info
0,88.66666666666667,843.13,0.558,0.749
1,86.66666666666667,836.162,0.399,0.709
2,84.0,854.971,0.336,0.703
3,84.66666666666667,850.367,0.359,0.703
4,82.0,860.529,0.323,0.704
5,86.0,856.819,0.346,0.704
6,83.33333333333334,868.042,0.297,0.706
7,85.33333333333334,848.377,0.356,0.705
8,83.33333333333334,860.385,0.313,0.703
9,84.0,855.764,0.34,0.703
