,similarity,SSE,silhouette,nm_info
0,89.33333333333333,10.557,0.623,0.749
1,82.0,22.157,0.415,0.717
2,76.66666666666667,21.865,0.343,0.71
3,80.0,18.865,0.437,0.703
4,78.66666666666666,20.222,0.412,0.704
5,75.33333333333333,22.343,0.317,0.713
6,80.0,19.653,0.442,0.704
7,78.66666666666666,20.963,0.405,0.707
8,80.66666666666666,19.291,0.444,0.704
9,80.0,19.38,0.428,0.703
