,similarity,SSE,silhouette,nm_info
0,98.66666666666667,4159.668,0.788,0.941
1,99.73333333333333,3112.483,0.812,0.984
2,99.33333333333333,3479.239,0.804,0.967
3,99.6,3302.938,0.807,0.978
4,99.46666666666667,3381.709,0.806,0.972
