,similarity,SSE,silhouette,nm_info
0,90.66666666666666,9.744,0.657,0.798
1,80.0,19.65,0.441,0.704
2,76.66666666666667,22.061,0.308,0.706
3,77.33333333333333,20.438,0.394,0.704
4,78.66666666666666,20.051,0.402,0.704
5,77.33333333333333,21.8,0.323,0.706
6,79.33333333333333,19.268,0.44,0.703
7,80.0,19.683,0.438,0.704
8,79.33333333333333,20.577,0.403,0.706
9,74.66666666666667,22.026,0.368,0.71
