,similarity,SSE,silhouette,nm_info
0,95.06666666666666,486.411,0.603,0.669
1,97.6,448.821,0.62,0.729
2,99.0,438.47,0.625,0.766
3,99.33333333333333,436.61,0.626,0.781
4,99.13333333333333,436.318,0.625,0.792
