,similarity,SSE,silhouette,nm_info
0,97.2,95.187,0.756,0.909
1,99.86666666666667,64.379,0.809,0.992
2,99.86666666666667,64.197,0.809,0.992
3,100.0,63.477,0.81,1.0
4,99.93333333333332,63.873,0.81,0.996
