,similarity,SSE,silhouette,nm_info
0,99.33333333333333,338.302,0.839,0.97
1,100.0,338.184,0.839,1.0
2,99.33333333333333,338.302,0.839,0.97
3,100.0,338.184,0.839,1.0
4,100.0,338.184,0.839,1.0
