,similarity,SSE,silhouette,nm_info
0,87.0,49.855,0.558,0.733
1,84.6,58.248,0.51,0.696
2,82.39999999999999,60.948,0.483,0.657
3,82.8,61.397,0.479,0.671
4,84.6,57.575,0.509,0.69
5,84.8,55.912,0.512,0.69
6,87.6,49.304,0.567,0.733
7,83.2,59.984,0.483,0.687
8,85.2,53.956,0.525,0.699
9,85.39999999999999,55.452,0.522,0.7
