,similarity,SSE,silhouette,nm_info
0,98.0,17.367,0.721,0.667
1,97.33333333333334,17.577,0.718,0.642
2,96.66666666666667,17.825,0.716,0.635
3,96.66666666666667,17.275,0.723,0.635
4,96.66666666666667,17.858,0.721,0.627
5,97.33333333333334,16.635,0.734,0.644
6,97.33333333333334,17.221,0.723,0.642
7,96.66666666666667,17.055,0.726,0.635
8,97.33333333333334,17.642,0.726,0.637
9,97.33333333333334,17.642,0.726,0.637
