,similarity,SSE,silhouette,nm_info
0,85.53333333333333,236.618,0.52,0.712
1,88.53333333333333,197.567,0.582,0.763
2,92.4,153.948,0.656,0.82
3,95.39999999999999,117.232,0.718,0.866
4,97.39999999999999,92.035,0.761,0.907
