,similarity,SSE,silhouette,nm_info
0,94.66666666666667,3591.765,0.738,0.851
1,96.73333333333333,3534.407,0.792,0.882
2,96.86666666666667,3539.805,0.794,0.885
3,96.53333333333333,3541.468,0.795,0.883
4,96.39999999999999,3542.771,0.791,0.878
