,similarity,SSE,silhouette,nm_info
0,98.0,17.979,0.712,0.651
1,98.0,16.927,0.725,0.658
2,97.33333333333334,17.188,0.721,0.649
3,97.33333333333334,17.224,0.724,0.667
4,95.33333333333334,17.531,0.718,0.658
5,97.33333333333334,16.901,0.728,0.676
6,98.66666666666667,16.356,0.735,0.676
7,95.33333333333334,17.873,0.718,0.686
8,95.33333333333334,17.692,0.719,0.669
9,96.0,17.774,0.717,0.677
