,similarity,SSE,silhouette,nm_info
0,96.0,861.242,0.649,0.65
1,97.33333333333334,853.575,0.698,0.677
2,98.66666666666667,850.543,0.715,0.683
3,98.0,848.227,0.715,0.675
4,98.66666666666667,849.916,0.717,0.683
5,99.33333333333333,846.555,0.72,0.675
6,99.33333333333333,847.025,0.718,0.675
7,98.0,848.764,0.71,0.671
8,97.33333333333334,847.878,0.702,0.661
9,96.0,846.885,0.683,0.642
