,similarity,SSE,silhouette,nm_info
0,96.73333333333333,8084.548,0.612,0.674
1,96.93333333333334,7755.02,0.612,0.693
2,97.2,7366.012,0.611,0.693
3,97.6,7174.447,0.613,0.696
4,97.73333333333333,7291.02,0.614,0.7
