,similarity,SSE,silhouette,nm_info
0,89.60000000000001,41.757,0.615,0.758
1,83.2,58.352,0.491,0.687
2,83.8,56.427,0.506,0.68
3,85.0,54.38,0.525,0.697
4,86.4,50.513,0.553,0.721
5,85.8,53.374,0.534,0.713
6,84.39999999999999,55.825,0.52,0.686
7,84.39999999999999,57.667,0.505,0.685
8,86.4,51.75,0.548,0.714
9,84.8,54.208,0.52,0.71
