,similarity,SSE,silhouette,nm_info
0,94.93333333333334,125.329,0.707,0.856
1,99.6,66.398,0.805,0.979
2,99.73333333333333,65.15,0.807,0.984
3,99.93333333333332,63.797,0.81,0.996
4,99.8,64.699,0.808,0.988
