,similarity,SSE,silhouette,nm_info
0,96.8,18.495,0.784,0.911
1,93.0,29.027,0.702,0.839
2,95.8,23.109,0.751,0.871
3,92.60000000000001,30.263,0.694,0.825
4,93.4,29.401,0.702,0.845
5,95.39999999999999,24.13,0.744,0.879
6,93.0,29.169,0.701,0.839
7,93.8,27.75,0.713,0.851
8,93.8,27.505,0.715,0.851
9,94.39999999999999,26.75,0.724,0.861
