,similarity,SSE,silhouette,nm_info
0,94.73333333333333,489.812,0.601,0.664
1,97.93333333333332,446.94,0.62,0.736
2,98.33333333333333,440.234,0.623,0.766
3,98.6,438.114,0.624,0.789
4,98.46666666666667,437.8,0.624,0.804
