,similarity,SSE,silhouette,nm_info
0,98.0,16.933,0.726,0.659
1,98.0,16.875,0.723,0.641
2,96.0,17.36,0.721,0.626
3,96.66666666666667,17.055,0.726,0.635
4,96.0,17.36,0.721,0.626
5,95.33333333333334,18.55,0.704,0.618
6,95.33333333333334,18.266,0.714,0.619
7,96.0,17.584,0.718,0.626
8,95.33333333333334,18.575,0.71,0.619
9,97.33333333333334,17.477,0.728,0.637
