,similarity,SSE,silhouette,nm_info
0,98.0,17.355,0.72,0.651
1,98.66666666666667,16.44,0.732,0.667
2,98.0,16.405,0.735,0.651
3,96.66666666666667,16.984,0.727,0.635
4,96.0,17.36,0.721,0.626
5,95.33333333333334,18.266,0.714,0.619
6,96.0,17.96,0.72,0.637
7,97.33333333333334,17.537,0.728,0.646
8,97.33333333333334,17.477,0.728,0.637
9,95.33333333333334,18.266,0.714,0.619
