,similarity,SSE,silhouette,nm_info
0,87.33333333333333,844.029,0.551,0.749
1,87.33333333333333,829.861,0.417,0.711
2,86.0,857.973,0.338,0.704
3,84.66666666666667,866.714,0.305,0.706
4,83.33333333333334,851.192,0.355,0.703
5,80.66666666666666,869.433,0.283,0.706
6,86.0,840.923,0.385,0.706
7,84.66666666666667,868.625,0.312,0.707
8,86.0,858.41,0.334,0.704
9,86.66666666666667,835.481,0.398,0.709
