,similarity,SSE,silhouette,nm_info
0,94.46666666666667,493.203,0.597,0.662
1,96.0,466.169,0.609,0.719
2,96.26666666666667,453.066,0.614,0.766
3,96.39999999999999,450.934,0.616,0.768
4,96.73333333333333,448.807,0.616,0.783
