,similarity,SSE,silhouette,nm_info
0,94.39999999999999,66.309,0.694,0.662
1,94.39999999999999,67.861,0.678,0.647
2,94.8,66.326,0.685,0.655
3,95.6,60.26,0.711,0.678
4,96.8,55.453,0.729,0.685
5,97.2,53.953,0.734,0.688
6,97.39999999999999,52.354,0.741,0.703
7,97.6,51.234,0.745,0.696
8,98.0,48.857,0.755,0.707
9,97.6,50.617,0.748,0.7
