,similarity,SSE,silhouette,nm_info
0,99.86666666666667,398.449,0.87,0.996
1,99.66666666666667,408.284,0.868,0.992
2,99.6,412.493,0.867,0.989
3,99.6,413.523,0.867,0.989
4,99.66666666666667,408.692,0.868,0.992
