,similarity,SSE,silhouette,nm_info
0,91.60000000000001,29.303,0.691,0.82
1,92.60000000000001,24.591,0.724,0.836
2,95.6,18.148,0.776,0.882
3,96.0,16.841,0.787,0.898
4,96.8,16.196,0.793,0.883
5,95.8,17.737,0.779,0.871
6,95.19999999999999,18.75,0.77,0.871
7,93.8,21.799,0.745,0.834
8,95.19999999999999,19.297,0.767,0.864
9,95.19999999999999,19.067,0.769,0.871
