,similarity,SSE,silhouette,nm_info
0,84.0,857.252,0.464,0.685
1,79.33333333333333,857.952,0.389,0.636
2,71.33333333333334,880.519,0.308,0.603
3,76.0,875.903,0.335,0.603
4,72.0,883.935,0.297,0.589
