,similarity,SSE,silhouette,nm_info
0,94.66666666666667,74.753,0.515,0.613
1,96.0,66.502,0.536,0.672
2,98.0,64.884,0.532,0.655
3,97.33333333333334,63.994,0.533,0.615
4,98.66666666666667,63.749,0.535,0.672
