,similarity,SSE,silhouette,nm_info
0,94.0,77.706,0.51,0.604
1,97.33333333333334,68.851,0.531,0.653
2,96.0,66.409,0.533,0.645
3,98.0,64.384,0.536,0.655
4,98.66666666666667,63.531,0.538,0.653
