,similarity,SSE,silhouette,nm_info
0,94.0,79.824,0.499,0.604
1,96.66666666666667,69.851,0.525,0.653
2,97.33333333333334,65.912,0.526,0.623
3,95.33333333333334,65.706,0.525,0.679
4,95.33333333333334,65.367,0.525,0.668
