,similarity,SSE,silhouette,nm_info
0,95.33333333333334,302.487,0.516,
1,96.66666666666667,300.015,0.53,
2,98.0,298.272,0.542,
3,98.0,297.822,0.55,
4,98.0,298.858,0.544,
5,97.33333333333334,298.678,0.544,
6,96.66666666666667,299.298,0.541,
7,98.0,296.464,0.559,
8,96.0,297.654,0.555,
9,96.0,299.323,0.55,
