,similarity,SSE,silhouette,nm_info
0,93.33333333333333,80.423,0.497,0.593
1,96.66666666666667,70.2,0.525,0.649
2,96.66666666666667,66.783,0.525,0.633
3,96.66666666666667,65.545,0.529,0.649
4,96.66666666666667,64.859,0.53,0.655
