,similarity,SSE,silhouette,nm_info
0,93.33333333333333,80.049,0.487,0.613
1,94.66666666666667,67.823,0.521,0.623
2,94.66666666666667,67.319,0.522,0.694
3,94.0,67.118,0.522,0.664
4,95.33333333333334,66.549,0.518,0.669
