,similarity,SSE,silhouette,nm_info
0,87.33333333333333,90.797,0.45,0.579
1,94.66666666666667,72.138,0.506,0.618
2,94.66666666666667,67.593,0.517,0.668
3,94.0,67.936,0.515,0.649
4,94.66666666666667,66.905,0.519,0.677
