,similarity,SSE,silhouette,nm_info
0,93.33333333333333,81.881,0.489,0.593
1,95.33333333333334,66.971,0.532,0.64
2,97.33333333333334,66.359,0.522,0.623
3,98.0,64.312,0.537,0.655
4,92.0,67.314,0.514,0.653
