,similarity,SSE,silhouette,nm_info
0,94.66666666666667,76.447,0.513,0.607
1,97.33333333333334,68.851,0.531,0.653
2,96.66666666666667,65.405,0.534,0.662
3,98.66666666666667,64.268,0.536,0.662
4,99.33333333333333,63.534,0.537,0.648
