,similarity,SSE,silhouette,nm_info
0,94.0,77.081,0.503,0.622
1,95.33333333333334,69.15,0.516,0.618
2,94.0,67.884,0.519,0.628
3,95.33333333333334,67.265,0.521,0.633
4,94.66666666666667,65.919,0.531,0.702
