,similarity,SSE,silhouette,nm_info
0,94.66666666666667,300.453,0.525,
1,98.0,297.907,0.542,
2,99.33333333333333,295.769,0.556,
3,99.33333333333333,296.205,0.558,
4,98.66666666666667,296.282,0.56,
5,98.66666666666667,296.184,0.557,
6,97.33333333333334,296.739,0.558,
7,98.0,296.752,0.556,
8,98.0,296.652,0.556,
9,96.66666666666667,296.702,0.558,
