,similarity,SSE,silhouette,nm_info
0,94.66666666666667,77.028,0.509,0.607
1,97.33333333333334,68.851,0.531,0.653
2,96.0,66.502,0.536,0.672
3,98.0,64.549,0.536,0.649
4,98.66666666666667,63.666,0.538,0.647
