,similarity,SSE,silhouette,nm_info
0,94.66666666666667,1054.788,0.484,0.417
1,98.0,979.154,0.532,0.433
2,98.66666666666667,967.901,0.537,0.416
3,100.0,948.115,0.542,0.382
4,98.0,960.534,0.536,0.399
5,100.0,948.115,0.542,0.382
6,99.33333333333333,958.33,0.54,0.399
7,98.66666666666667,967.901,0.537,0.416
8,98.66666666666667,967.901,0.537,0.416
