,similarity,SSE,silhouette,nm_info
0,99.73333333333333,7220.31,0.548,0.405
1,99.8,7193.856,0.55,0.397
2,99.6,7188.98,0.55,0.394
3,99.86666666666667,7187.882,0.55,0.395
4,99.86666666666667,7195.883,0.549,0.399
