,similarity,SSE,silhouette,nm_info
0,98.66666666666667,1256.271,0.494,0.344
1,99.46666666666667,1251.863,0.496,0.375
2,99.4,1251.944,0.496,0.38
3,99.2,1251.956,0.497,0.384
4,99.4,1251.37,0.497,0.385
