,similarity,SSE,silhouette,nm_info
0,99.33333333333333,583.715,0.529,0.366
1,99.33333333333333,583.562,0.53,0.399
2,99.33333333333333,583.568,0.53,0.399
3,100.0,583.269,0.53,0.382
4,98.66666666666667,583.724,0.53,0.416
5,98.66666666666667,583.724,0.53,0.416
