,similarity,SSE,silhouette,nm_info
0,98.33333333333333,1261.203,0.492,0.336
1,98.13333333333333,1257.785,0.494,0.384
2,97.6,1259.878,0.493,0.385
3,97.6,1260.464,0.493,0.382
4,97.53333333333333,1261.601,0.492,0.379
