,similarity,SSE,silhouette,nm_info
0,96.8,254.319,0.529,0.342
1,96.39999999999999,258.574,0.523,0.361
2,97.8,253.203,0.53,0.396
3,97.39999999999999,254.162,0.529,0.366
4,95.6,264.485,0.516,0.352
5,98.0,247.051,0.538,0.39
6,97.8,250.629,0.533,0.371
7,98.0,250.368,0.533,0.38
8,96.39999999999999,260.98,0.52,0.352
9,97.2,253.701,0.529,0.352
