,similarity,SSE,silhouette,nm_info
0,100.0,73.684,0.537,0.382
1,99.33333333333333,73.709,0.537,0.399
2,100.0,73.684,0.537,0.382
3,100.0,73.661,0.537,0.416
4,99.33333333333333,73.707,0.537,0.399
5,100.0,73.661,0.537,0.416
6,100.0,73.684,0.537,0.382
7,98.66666666666667,73.996,0.535,0.382
8,100.0,73.661,0.537,0.416
9,99.33333333333333,73.709,0.537,0.399
