,similarity,SSE,silhouette,nm_info
0,97.8,1265.424,0.49,0.344
1,96.46666666666667,1269.35,0.488,0.367
2,96.73333333333333,1267.84,0.489,0.371
3,97.46666666666667,1265.021,0.491,0.376
4,97.0,1267.025,0.49,0.382
