,similarity,SSE,silhouette,nm_info
0,100.0,583.269,0.53,0.382
1,98.66666666666667,584.78,0.527,0.35
2,98.0,587.786,0.522,0.366
3,96.66666666666667,586.673,0.523,0.366
4,99.33333333333333,589.629,0.52,0.366
5,95.33333333333334,605.774,0.492,0.366
6,97.33333333333334,590.766,0.516,0.382
7,99.33333333333333,583.562,0.53,0.399
8,97.33333333333334,594.547,0.51,0.382
9,96.66666666666667,591.868,0.515,0.399
