,similarity,SSE,silhouette,nm_info
0,99.33333333333333,73.901,0.536,0.366
1,99.33333333333333,73.709,0.537,0.399
2,100.0,73.661,0.537,0.416
3,99.33333333333333,73.709,0.537,0.399
4,99.33333333333333,73.709,0.537,0.399
