,similarity,SSE,silhouette,nm_info
0,99.33333333333333,73.709,0.537,0.399
1,99.33333333333333,73.707,0.537,0.399
2,99.33333333333333,73.709,0.537,0.399
3,99.33333333333333,73.707,0.537,0.399
4,100.0,73.661,0.537,0.416
5,99.33333333333333,73.707,0.537,0.399
6,99.33333333333333,73.709,0.537,0.399
7,100.0,73.661,0.537,0.416
8,99.33333333333333,73.707,0.537,0.399
9,100.0,73.661,0.537,0.416
