,similarity,SSE,silhouette,nm_info
0,99.73333333333333,7213.008,0.548,0.402
1,99.8,7205.282,0.549,0.4
2,99.86666666666667,7195.55,0.549,0.399
3,99.73333333333333,7193.203,0.55,0.395
4,99.8,7195.17,0.549,0.397
