,similarity,SSE,silhouette,nm_info
0,98.53333333333333,1256.725,0.494,0.341
1,99.73333333333333,1250.847,0.497,0.375
2,100.0,1250.694,0.497,0.382
3,100.0,1250.694,0.497,0.382
