,similarity,SSE,silhouette,nm_info
0,98.13333333333333,1262.704,0.491,0.341
1,97.53333333333333,1263.33,0.491,0.377
2,97.73333333333333,1260.99,0.493,0.385
3,97.53333333333333,1262.936,0.492,0.38
4,97.66666666666667,1260.243,0.493,0.39
