,similarity,SSE,silhouette,nm_info
0,95.33333333333334,1045.603,0.49,0.401
1,98.66666666666667,967.901,0.537,0.416
2,98.66666666666667,967.901,0.537,0.416
