,similarity,SSE,silhouette,nm_info
0,97.6,1263.17,0.491,0.35
1,97.06666666666666,1269.886,0.489,0.39
2,96.46666666666667,1272.804,0.488,0.389
3,96.53333333333333,1272.745,0.487,0.372
4,96.46666666666667,1274.103,0.487,0.395
