,similarity,SSE,silhouette,nm_info
0,92.80000000000001,304.655,0.467,0.286
1,93.2,297.395,0.475,0.295
2,92.4,308.399,0.463,0.283
3,95.39999999999999,270.167,0.509,0.333
4,94.6,283.909,0.493,0.33
5,95.39999999999999,268.285,0.51,0.338
6,95.0,285.619,0.491,0.301
7,93.4,286.311,0.489,0.316
8,94.8,281.992,0.494,0.375
9,92.4,299.392,0.473,0.303
