,similarity,SSE,silhouette,nm_info
0,99.66666666666667,7227.04,0.548,0.407
1,100.0,7194.65,0.549,0.399
2,99.93333333333332,7190.733,0.55,0.397
3,99.93333333333332,7189.732,0.55,0.397
4,99.73333333333333,7185.403,0.55,0.394
