,similarity,SSE,silhouette,nm_info
0,97.2,1269.462,0.488,0.35
1,96.39999999999999,1276.322,0.486,0.374
2,95.8,1276.161,0.486,0.371
3,96.2,1278.602,0.485,0.38
4,96.33333333333334,1276.345,0.486,0.374
