,similarity,SSE,silhouette,nm_info
0,98.66666666666667,1256.136,0.494,0.344
1,99.53333333333333,1251.289,0.497,0.377
2,99.53333333333333,1251.045,0.497,0.382
3,99.6,1250.922,0.497,0.39
4,99.66666666666667,1250.98,0.497,0.389
