,similarity,SSE,silhouette,nm_info
0,98.66666666666667,1256.438,0.494,0.345
1,99.2,1252.459,0.496,0.382
2,98.93333333333332,1252.835,0.496,0.379
3,98.86666666666667,1252.797,0.496,0.379
4,99.13333333333333,1252.109,0.496,0.384
