,similarity,SSE,silhouette,nm_info
0,98.6,1257.923,0.493,0.344
1,98.06666666666666,1256.383,0.495,0.384
2,98.46666666666667,1256.033,0.495,0.384
3,98.66666666666667,1254.422,0.495,0.384
4,98.93333333333332,1253.488,0.496,0.384
