,similarity,SSE,silhouette,nm_info
0,78.65168539325843,860.33,0.178,0.464
1,80.33707865168539,817.21,0.205,0.416
2,82.02247191011236,785.659,0.229,0.483
3,82.02247191011236,753.845,0.244,0.477
4,83.14606741573034,748.219,0.248,0.416
