,similarity,SSE,silhouette,nm_info
0,74.15730337078652,873.433,0.173,0.368
1,72.47191011235955,879.4,0.157,0.349
2,75.28089887640449,837.058,0.181,0.33
3,78.65168539325843,796.007,0.208,0.39
4,77.52808988764045,806.607,0.189,0.379
