,similarity,SSE,silhouette,nm_info
0,79.21348314606742,844.37,0.192,0.437
1,78.08988764044943,808.157,0.209,0.385
2,76.40449438202246,822.899,0.185,0.357
3,69.66292134831461,861.026,0.145,0.335
4,63.48314606741573,928.115,0.085,0.28
