,similarity,SSE,silhouette,nm_info
0,74.15730337078652,897.236,0.152,0.387
1,70.78651685393258,912.566,0.138,0.268
2,73.03370786516854,885.082,0.146,0.282
3,73.03370786516854,851.776,0.166,0.313
4,74.71910112359551,816.529,0.183,0.417
