,similarity,SSE,silhouette,nm_info
0,76.40449438202246,881.072,0.169,0.419
1,74.71910112359551,868.749,0.17,0.391
2,78.65168539325843,790.496,0.217,0.431
3,79.7752808988764,773.175,0.224,0.44
4,82.58426966292134,752.793,0.237,0.438
