,similarity,SSE,silhouette,nm_info
0,73.59550561797754,887.966,0.157,0.291
1,70.78651685393258,917.866,0.137,0.263
2,74.71910112359551,873.946,0.161,0.351
3,71.91011235955057,871.86,0.135,0.274
4,67.97752808988764,904.663,0.116,0.247
