,similarity,SSE,silhouette,nm_info
0,73.59550561797754,912.816,0.149,0.383
1,67.97752808988764,951.279,0.111,0.214
2,65.1685393258427,965.043,0.095,0.227
3,67.41573033707866,951.975,0.107,0.241
4,62.92134831460674,979.096,0.072,0.171
