,similarity,SSE,silhouette,nm_info
0,77.52808988764045,876.125,0.17,0.404
1,70.78651685393258,914.063,0.143,0.29
2,71.34831460674157,900.105,0.141,0.315
3,73.59550561797754,848.008,0.163,0.335
4,65.1685393258427,908.708,0.11,0.275
