,similarity,SSE,silhouette,nm_info
0,75.84269662921348,876.781,0.163,0.338
1,69.10112359550563,921.285,0.126,0.257
2,71.34831460674157,928.286,0.115,0.278
3,70.2247191011236,911.163,0.126,0.254
4,64.04494382022472,930.689,0.102,0.252
