,similarity,SSE,silhouette,nm_info
0,79.21348314606742,865.196,0.18,0.436
1,71.91011235955057,880.089,0.16,0.343
2,76.96629213483146,848.843,0.183,0.4
3,79.21348314606742,801.512,0.206,0.43
4,73.03370786516854,828.412,0.187,0.349
